131_david.inkml, 131_david-res_1362773305707.inkml
81_mijail.inkml, 81_mijail-res_1362773380142.inkml
120_jorge.inkml, 120_jorge-res_1362773449318.inkml
73_Frank.inkml, 73_Frank-res_1362773490493.inkml
89_Frank.inkml, 89_Frank-res_1362773534536.inkml
120_Frank.inkml, 120_Frank-res_1362773594867.inkml
85_herbert.inkml, 85_herbert-res_1362773650534.inkml
90_jorge.inkml, 90_jorge-res_1362773670769.inkml
76_user0.inkml, 76_user0-res_1362773709392.inkml
117_caue.inkml, 117_caue-res_1362773778943.inkml
